{"cameraMode":{"drawMode":0,"name":"Shaded","section":"Shading Mode"},"sceneLighting":false,"audioPlay":false,"sceneViewState":{"m_AlwaysRefresh":false,"showFog":true,"showSkybox":false,"showFlares":true,"showImageEffects":true,"showParticleSystems":true,"showVisualEffectGraphs":true,"m_FxEnabled":true},"in2DMode":false,"pivot":{"x":-3.7338829040527345,"y":6.397367000579834,"z":-53.154701232910159},"rotation":{"x":0.5504345893859863,"y":-0.005009178537875414,"z":0.0033026470337063076,"w":0.8348543643951416},"size":11.063140869140625,"orthographic":true}