{"cameraMode":{"drawMode":0,"name":"Shaded","section":"Shading Mode"},"sceneLighting":false,"audioPlay":false,"sceneViewState":{"m_AlwaysRefresh":false,"showFog":true,"showSkybox":false,"showFlares":true,"showImageEffects":true,"showParticleSystems":true,"showVisualEffectGraphs":true,"m_FxEnabled":true},"in2DMode":false,"pivot":{"x":-8.166698455810547,"y":7.743989944458008,"z":-56.606056213378909},"rotation":{"x":0.45857521891593935,"y":-0.003998918924480677,"z":0.002063604537397623,"w":0.8886419534683228},"size":9.068941116333008,"orthographic":true}