{"cameraMode":{"drawMode":0,"name":"Shaded","section":"Shading Mode"},"sceneLighting":false,"audioPlay":false,"sceneViewState":{"m_AlwaysRefresh":false,"showFog":true,"showSkybox":false,"showFlares":true,"showImageEffects":true,"showParticleSystems":true,"showVisualEffectGraphs":true,"m_FxEnabled":true},"in2DMode":false,"pivot":{"x":-51.353004455566409,"y":1.8936502933502198,"z":8.984833717346192},"rotation":{"x":0.5504345893859863,"y":-0.005009178537875414,"z":0.0033026470337063076,"w":0.8348543643951416},"size":2.712620973587036,"orthographic":true}