{"cameraMode":{"drawMode":0,"name":"Shaded","section":"Shading Mode"},"sceneLighting":true,"audioPlay":false,"sceneViewState":{"m_AlwaysRefresh":false,"showFog":true,"showSkybox":true,"showFlares":true,"showImageEffects":true,"showParticleSystems":true,"showVisualEffectGraphs":true,"m_FxEnabled":true},"in2DMode":false,"pivot":{"x":-3.300431728363037,"y":-13.260269165039063,"z":-35.21800231933594},"rotation":{"x":0.536594033241272,"y":-0.0012657465413212777,"z":0.0008048925665207207,"w":0.8438363075256348},"size":64.21907043457031,"orthographic":true}