{"cameraMode":{"drawMode":0,"name":"Shaded","section":"Shading Mode"},"sceneLighting":false,"audioPlay":false,"sceneViewState":{"m_AlwaysRefresh":false,"showFog":true,"showSkybox":false,"showFlares":true,"showImageEffects":true,"showParticleSystems":true,"showVisualEffectGraphs":true,"m_FxEnabled":true},"in2DMode":false,"pivot":{"x":-39.52432632446289,"y":3.3507590293884279,"z":9.821395874023438},"rotation":{"x":0.5504345893859863,"y":-0.005009178537875414,"z":0.0033026470337063076,"w":0.8348543643951416},"size":4.74233341217041,"orthographic":true}